{"cameraMode":{"drawMode":0,"name":"Shaded","section":"Shading Mode"},"sceneLighting":true,"audioPlay":false,"sceneViewState":{"showFog":true,"showMaterialUpdate":false,"showSkybox":true,"showFlares":true,"showImageEffects":true,"showParticleSystems":true},"in2DMode":false,"pivot":{"x":251.84027099609376,"y":-38.28699493408203,"z":416.60443115234377},"rotation":{"x":0.21777614951133729,"y":-0.05559736117720604,"z":0.012426740489900113,"w":0.9743353128433228},"size":72.04730224609375,"orthographic":true}