{"cameraMode":{"drawMode":0,"name":"Shaded","section":"Shading Mode"},"sceneLighting":true,"audioPlay":false,"sceneViewState":{"showFog":true,"showMaterialUpdate":false,"showSkybox":true,"showFlares":true,"showImageEffects":true,"showParticleSystems":true},"in2DMode":false,"pivot":{"x":251.84027099609376,"y":-38.28699493408203,"z":416.60443115234377},"rotation":{"x":0.05822097510099411,"y":-0.19489380717277528,"z":0.011589947156608105,"w":0.9790270924568176},"size":30.93951416015625,"orthographic":true}